text,aspect,opinion,sentiment
Serves really good sushi .,['sushi'],['good'],['POS']
Not the biggest portions but adequate .,"['portions', 'portions']","['Not the biggest', 'adequate']","['NEU', 'NEU']"
Green Tea creme brulee is a must !,['Green Tea creme brulee'],['must'],['POS']
It has great sushi and even better service .,"['sushi', 'service']","['great', 'better']","['POS', 'POS']"
The entire staff was extremely accomodating and tended to my every need .,['staff'],['accomodating'],['POS']
The owner is belligerent to guests that have a complaint .,['owner'],['belligerent'],['NEG']
Good food !,['food'],['Good'],['POS']
This is a great place to get a delicious meal .,['meal'],['delicious'],['POS']
The staff is pretty friendly .,['staff'],['friendly'],['POS']
The onion rings are great !,['onion rings'],['great'],['POS']
"The lemon chicken tasted like sticky sweet donuts and the honey walnut prawns , the few they actually give you ... ..were not good .","['lemon chicken', 'honey walnut prawns']","['sticky sweet', 'not good']","['NEG', 'NEG']"
"Nice ambience , but highly overrated place .","['ambience', 'place']","['Nice', 'overrated']","['POS', 'NEG']"
Worst Service I Ever Had,['Service'],['Worst'],['POS']
Everyone that sat in the back outside agreed that it was the worst service we had ever received .,['service'],['worst'],['NEG']
"Our waiter was non-existent and after our food finally arrived over an hour after we ordered , we were not given any water or utensils .",['waiter'],['non-existent'],['NEG']
"I complained to the manager , but he was not even apologetic .",['manager'],['not even apologetic'],['NEG']
Fabulous Italian Food !,['Italian Food'],['Fabulous'],['POS']
– I highly recommend Mioposto .,['Mioposto'],['recommend'],['POS']
I am so happy to have a wonderful Italian restaurant in my neighborhood .,['Italian restaurant'],['wonderful'],['POS']
The wine list is wonderful and the food reminds me of my recent trip to Italy .,['wine list'],['wonderful'],['POS']
I love this restaurant,['restaurant'],['love'],['POS']
"– I will never forget the amazing meal , service , and ambiance I experience at this restaurant .","['meal', 'service', 'ambiance']","['amazing', 'amazing', 'amazing']","['POS', 'POS', 'POS']"
"The wine list is incredible and extensive and diverse , the food is all incredible and the staff was all very nice , good at their jobs and cultured .","['wine list', 'wine list', 'wine list', 'food', 'staff']","['incredible', 'extensive', 'diverse', 'incredible', 'nice']","['POS', 'POS', 'POS', 'POS', 'POS']"
The food was great !,['food'],['great'],['POS']
"– In a age of incremental cost cutting in restaurants , its nice to see a place that bucks that trend , and just plain delivers high quality food and good service , period .","['food', 'service']","['high quality', 'good']","['POS', 'POS']"
This is the place to relax and enjoy the finest quality food the industry can offer .,"['place', 'food']","['relax', 'finest quality']","['POS', 'POS']"
Caution - its real food for people who love the best .,"['food', 'food']","['real', 'best']","['POS', 'POS']"
I liked the atmosphere very much but the food was not worth the price .,"['atmosphere', 'food']","['liked', 'not worth the price']","['POS', 'NEG']"
I may not be a sushi guru but I can tell you that the food here is just okay and that there is not much else to it .,['food'],['okay'],['NEG']
"Rice is too dry , tuna was n't so fresh either .","['Rice', 'tuna']","['too dry', ""was n't so fresh""]","['NEG', 'NEG']"
I have eaten here three times and have found the quality and variety of the fish to be excellent .,['fish'],['excellent'],['POS']
"However , the value and service are both severely lacking .",['service'],['lacking'],['NEG']
"Furthermore , while the fish is unquestionably fresh , rolls tend to be inexplicably bland .","['fish', 'rolls']","['fresh', 'bland']","['POS', 'NEG']"
The service ranges from mediocre to offensive .,"['service', 'service']","['mediocre', 'offensive']","['NEG', 'NEG']"
"On a recent trip , our waiter was extremely dismissive , while no less than three staff members waited hand-and-foot on a pair of Japanese girls seated nearby .",['waiter'],['dismissive'],['NEG']
Freshest sushi – I love this restaurant .,"['sushi', 'restaurant']","['Freshest', 'love']","['POS', 'POS']"
They pay such detail to everything from miso soup to complex rolls .,['rolls'],['complex'],['POS']
The sashimi was the freshest and most tender I have ever tasted .,"['sashimi', 'sashimi']","['freshest', 'tender']","['POS', 'POS']"
Their apps are all delicious .,['apps'],['delicious'],['POS']
The only drawback is that this place is really expensive and the portions are on the small side .,['place'],['expensive'],['NEG']
"But the space is small and lovely , and the service is helpful .","['space', 'space', 'service']","['small', 'lovely', 'helpful']","['POS', 'POS', 'POS']"
– The food was not great & the waiters were rude .,"['food', 'waiters']","['not great', 'rude']","['NEG', 'NEG']"
great service,['service'],['great'],['POS']
my service was stellar !,['service'],['stellar'],['POS']
"food was fine , with a some little-tastier-than-normal salsa .",['food'],['fine'],['POS']
"the food was great , the margaritas too but the waitress was too busy being nice to her other larger party than to take better care of my friend and me .","['food', 'margaritas', 'waitress']","['great', 'great', 'too busy']","['POS', 'POS', 'NEG']"
Mama Mia – I live in the neighborhood and feel lucky to live by such a great pizza place .,['pizza place'],['great'],['POS']
Best Sushi in town .,['Sushi'],['Best'],['POS']
The best calamari in Seattle !,['calamari'],['best'],['POS']
– ... and the best summertime deck experience -- they will even bring you a blanket if you get cold in the Seattle evening weather .,['deck'],['best'],['POS']
A perfect place to take out of town guests any time of the year .,['place'],['perfect'],['POS']
"Endless fun , awesome music , great staff ! ! !","['music', 'staff']","['awesome', 'great']","['POS', 'POS']"
– By far the best bar in the east village ...,['bar'],['best'],['POS']
Great draft and bottle selection and the pizza rocks .,['draft and bottle selection'],['Great'],['POS']
Definitely has one of the best jukebox 's i 've seen in a long long time .,"[""jukebox 's""]",['best'],['POS']
"The food is great , the bartenders go that extra mile .",['food'],['great'],['POS']
The owners are great fun and the beer selection is worth staying for .,"['owners', 'beer selection']","['great', 'worth staying for']","['POS', 'POS']"
And the upstairs is a great place to hang out .,['upstairs'],['great'],['POS']
"Not alot of smoking places left in New York , but I have found my favorite smoking balconey in the city .",['balconey'],['favorite'],['POS']
The sushi here is delicious !,['sushi'],['delicious'],['POS']
They have a wide variety of fish and they even list which oceans they come from ; Atlantic or Pacific .,['fish'],['wide variety'],['POS']
"I 've had the Jellyfish , Horse Mackerel , Blue Fin Tuna and the Sake Ikura roll among others , and they were all good .","['Jellyfish', 'Horse Mackerel', 'Blue Fin Tuna', 'Sake Ikura roll']","['good', 'good', 'good', 'good']","['POS', 'POS', 'POS', 'POS']"
"The decor is rustic , traditional Japanese .","['decor', 'decor']","['rustic', 'traditional Japanese']","['NEU', 'NEU']"
The service was courteous and attentive .,"['service', 'service']","['courteous', 'attentive']","['POS', 'POS']"
Mediocre food,['food'],['Mediocre'],['NEU']
The outside patio area has an abbreviated menu .,['menu'],['abbreviated'],['NEU']
My g/f and I both agreed the food was very mediocre especially considering the price .,['food'],['mediocre'],['NEG']
"We are locals , and get the feeling the only way this place survives with such average food is because most customers are probably one-time customer tourists .",['food'],['average'],['NEG']
Service was decent .,['Service'],['decent'],['NEU']
Drinks were good .,['Drinks'],['good'],['POS']
"Excellent food , nice ambience , fairly expensive","['food', 'ambience']","['Excellent', 'nice']","['POS', 'POS']"
– I loved the pumpkin ravioli and the goat cheese gnocchi ( 5 big ones to a plate instead of 20 or so little gnocchis ) and my sister loved her filet mignon on top of spinach and mashed potatoes .,"['pumpkin ravioli', 'goat cheese gnocchi', 'filet mignon on top of spinach and mashed potatoes']","['loved', 'loved', 'loved']","['POS', 'POS', 'POS']"
The ambiance was a peaceful and relaxing break amongst all the kids running around in Downtown Disney .,"['ambiance', 'ambiance']","['peaceful', 'relaxing']","['POS', 'POS']"
Best Indian food in L.A .,['Indian food'],['Best'],['POS']
The chicken curry and chicken tikka masala are my favorite meat dishes .,"['chicken curry', 'chicken tikka masala']","['favorite', 'favorite']","['POS', 'POS']"
The chana masala ( garbanzo beans ) are also excellent .,['chana masala ( garbanzo beans )'],['excellent'],['POS']
"It 's located in a strip mall near the Beverly Center , not the greatest location , but the food keeps me coming back for more .",['location'],['not the greatest'],['NEU']
Never too crowded and always great service .,['service'],['great'],['POS']
I can highly recommend their various saag and paneer and korma .,"['saag', 'paneer', 'korma']","['recommend', 'recommend', 'recommend']","['POS', 'POS', 'POS']"
I appreciate their delivery too .,['delivery'],['appreciate'],['POS']
Nice food but no spice !,['food'],['Nice'],['NEG']
– I really enjoyed my meal here .,['meal'],['enjoyed'],['POS']
"I had yummy lamb korma , saag paneer , samosas , naan , etc .","['lamb korma', 'saag paneer', 'samosas', 'naan']","['yummy', 'yummy', 'yummy', 'yummy']","['POS', 'POS', 'POS', 'POS']"
The food was all good but it was way too mild .,"['food', 'food']","['good', 'too mild']","['NEG', 'NEG']"
"The naan was some of the best I 've had and I really enjoyed the bhartha , not too tomatoey .","['naan', 'bhartha']","['best', 'enjoyed']","['POS', 'POS']"
"Even the chickpeas , which I normally find too dry , were good .",['chickpeas'],['good'],['POS']
"– I do n't understand how I was a stranger to this place for so long ... the fajita salad , the colorado , the fajitas - EVERYTHING is delicious .","['fajita salad', 'colorado', 'fajitas']","['delicious', 'delicious', 'delicious']","['POS', 'POS', 'POS']"
I love the warm & cosy environment .,"['environment', 'environment']","['warm', 'cosy']","['POS', 'POS']"
"best restaurant in the world , great decor , great customer service , friendly manager","['restaurant', 'decor', 'customer service', 'manager']","['best', 'great', 'great', 'friendly']","['POS', 'POS', 'POS', 'POS']"
i am never disappointed with there food .,['food'],['never disappointed'],['POS']
the atmosphere is great .,['atmosphere'],['great'],['POS']
great lunch spot,['lunch spot'],['great'],['POS']
– Great financial district mexican spot .,['mexican spot'],['Great'],['POS']
"Always busy , but they are good at seating you promptly and have quick service .",['service'],['quick'],['POS']
"Everything I 've had here is good , taco salads , burritos , enchiladas i love this place .","['taco salads', 'burritos', 'enchiladas', 'place']","['good', 'good', 'good', 'love']","['POS', 'POS', 'POS', 'POS']"
Also have great margaritas !,['margaritas'],['great'],['POS']
The food is simply unforgettable !,['food'],['unforgettable'],['POS']
The staff are friendly and the decor was ethic and colorful .,"['staff', 'decor', 'decor']","['friendly', 'ethic', 'colorful']","['POS', 'POS', 'POS']"
Holy Hummus !,['Hummus'],['Holy'],['POS']
"– The food is here is incredible , though the quality is inconsistent during lunch .",['food'],['incredible'],['POS']
"Dinners have always been excellent , in terms of food quality .",['Dinners'],['excellent'],['POS']
"The side of potatoes is to die for , as is the labne ( yogurt dip ) .","['side of potatoes', 'labne ( yogurt dip )']","['die for', 'side of potatoes']","['POS', 'POS']"
"Also , they serve THE best hummus in America , with a drizzle of fragrant olive oil ( which , I believe is the traditional way ) !",['hummus'],['best'],['POS']
The only drawback is the crowded seating and the slow service .,"['seating', 'service']","['crowded', 'slow']","['NEG', 'NEG']"
"However , this place is a gem , and I wo n't stop going back .",['place'],['gem'],['POS']
great beer,['beer'],['great'],['POS']
I swore never to return for a warm beer and mediocre meal .,"['beer', 'meal']","['warm', 'mediocre']","['NEG', 'NEG']"
The band was very good and the service was attentive .,"['band', 'service']","['good', 'attentive']","['POS', 'POS']"
"We ordered a selection of the small plates , and the shoe string onions , goat cheese pizza , grilled asparagus and fried brie with fruit were all very good .","['shoe string onions', 'goat cheese pizza', 'grilled asparagus', 'fried brie with fruit']","['good', 'good', 'good', 'good']","['POS', 'POS', 'POS', 'POS']"
Seattle 's BEST Winelist,['Winelist'],['BEST'],['POS']
"The sommelier is fantastic , down-to-earth , & extremely knowlegable .","['sommelier', 'sommelier', 'sommelier']","['fantastic', 'down-to-earth', 'knowlegable']","['POS', 'POS', 'POS']"
"The food is not what it once was ( potions have seriously seen downsizing ) prices have gone up , and the service is the worst I have experienced anywhere ( including mainland Europe ) .",['service'],['worst'],['NEG']
Open & Cool Place with the Best Pizza and Coffee,"['Place', 'Pizza', 'Coffee']","['Cool', 'Best', 'Best']","['POS', 'POS', 'POS']"
– Mioposto has a very creative & delicious pizza menu .,"['pizza menu', 'pizza menu']","['creative', 'delicious']","['POS', 'POS']"
"The coffe is very good , too .",['coffe'],['good'],['POS']
Great open and friendly ambience .,"['ambience', 'ambience']","['Great open', 'friendly']","['POS', 'POS']"
This place is charming and relaxing .,"['place', 'place']","['charming', 'relaxing']","['POS', 'POS']"
The servers behind the counter are always friendly and helpful .,"['servers behind the counter', 'servers behind the counter']","['friendly', 'helpful']","['POS', 'POS']"
It 's a great place to enjoy food and meet friends .,"['food', 'place']","['enjoy', 'great']","['POS', 'POS']"
"Great food , spectacular location , and friendly service keep us coming back year after year .","['food', 'location', 'service']","['Great', 'spectacular', 'friendly']","['POS', 'POS', 'POS']"
Enjoyed the food,['food'],['Enjoyed'],['POS']
Food was good and cheap .,"['Food', 'Food']","['good', 'cheap']","['POS', 'POS']"
I had the kafta plate and I enjoyed it .,['kafta plate'],['enjoyed'],['POS']
Atmosphere was nice .,['Atmosphere'],['nice'],['POS']
"Service was kind of slow , our waitress took forever to give us our check even though it was n't that busy .",['Service'],['slow'],['NEG']
Still I would recommend this place .,['place'],['recommend'],['POS']
WHAT ELSE CAN YOU SAY NICE PEOPLE AMAZING FOOD WOW,"['FOOD', 'PEOPLE']","['AMAZING', 'NICE']","['POS', 'POS']"
Great food with an awesome atmosphere !,"['food', 'atmosphere']","['Great', 'awesome']","['POS', 'POS']"
"– Eggs , pancakes , potatoes , fresh fruit and yogurt -- everything they serve is delicious .","['Eggs', 'pancakes', 'potatoes', 'fresh fruit', 'yogurt']","['delicious', 'delicious', 'delicious', 'delicious', 'delicious']","['POS', 'POS', 'POS', 'POS', 'POS']"
great meal – the fish on the omikase platter was absolutely decadent -- there was none of the stringiness that sometimes accompanies fair sushi -- this fish was perfect ! ! ! !,"['meal', 'fish on the omikase platter', 'fish on the omikase platter']","['great', 'decadent', 'perfect']","['POS', 'POS', 'POS']"
"plus , i am allergic to rice , and the waitstaff was unbelievably accomodating -- did n't even bat an eye !",['waitstaff'],['accomodating'],['POS']
and the waiter suggested a perfect sake ! !,['sake'],['perfect'],['POS']
Unbeatable sushi !,['sushi'],['Unbeatable'],['POS']
"Melt in your mouth nigiri and sashmi , and very tasty rolls too .",['rolls'],['tasty'],['POS']
Be sure to try the oyster roll .,['oyster roll'],['try'],['POS']
"– How to describe the best sushi in NYC : hmmmm , delicious , amazing , fantastic , suculent , perfect , nah , all of the above .",['sushi'],['best'],['POS']
The best Chuwam Mushi I have ever had .,['Chuwam Mushi'],['best'],['POS']
"Good Sushi , High Price",['Sushi'],['Good'],['NEG']
One of the best Sushi place in town .,['Sushi place'],['best'],['POS']
The house special roll is really good .,['house special roll'],['good'],['POS']
"– I ca n't believe Murphy 's has been around for over 25 years , amazing .","[""Murphy 's""]",['amazing'],['POS']
"Brunch at Murphy 's is to die for , my specialty ... egg white omelet , the food is always freshly prepared .",['food'],['freshly prepared'],['POS']
It 's the perfect spot for a romantic date for 2 or a secret rendezvous !,['spot'],['perfect'],['POS']
Save room for scrumptious desserts .,['desserts'],['scrumptious'],['POS']
The restaurant offers an extensive wine list and an ambiance you wo n't forget !,"['wine list', 'ambiance']","['extensive', ""wo n't forget""]","['POS', 'POS']"
– Best Mexican place for lunch in the financial district .,['Mexican place'],['Best'],['POS']
Love the enchiladas and chicken soup - and be sure to check out their specials .,"['enchiladas', 'chicken soup']","['Love', 'Love']","['POS', 'POS']"
"Can get busy on Fridays for a table but once seated , the service is so efficient you can be in and out of there quickly .",['service'],['efficient'],['POS']
The sushi was excellent and the wait staff was quick .,"['sushi', 'wait staff']","['excellent', 'quick']","['POS', 'POS']"
The atmosphere was just okay .,['atmosphere'],['okay'],['NEU']
"Space was limited , but the food made up for it .",['Space'],['limited'],['NEG']
We stood there for 10 minutes while employees walked back and forth ignoring us .,['employees'],['ignoring'],['NEG']
The Caesar salad I ordered had so much lemon I could n't eat it .,['Caesar salad'],"[""could n't eat""]",['NEG']
"Great food , better Margaritas !","['food', 'Margaritas']","['Great', 'better']","['POS', 'POS']"
"– This is one of my top lunch spots , huge portions , fast service and amazing margaritas ! !","['portions', 'service', 'margaritas']","['huge', 'fast', 'amazing']","['POS', 'POS', 'POS']"
"it gets really busy , so get there on the early side so you can grab a seat , if you do have to wait , its not bad because the service is quick !",['service'],['quick'],['POS']
"Check out the art on the walls , very colorful !",['art on the walls'],['colorful'],['POS']
i love this place !,['place'],['love'],['POS']
– i have been eating at this place for over 8 years now and i have never had one bad meal .,['meal'],['bad'],['POS']
The lunch menu is an awesome deal !,['lunch menu'],['awesome'],['POS']
"plenty of food , trust me .",['food'],['plenty of'],['POS']
Fresh ingrediants and super tasty .,"['ingrediants', 'ingrediants']","['Fresh', 'tasty']","['POS', 'POS']"
"Best food , phenominal service","['food', 'service']","['Best', 'phenominal']","['POS', 'POS']"
"For the finicky sushi eater and those who have sampled the best NYC has to offer , the fish is the freshest and the service is superb .","['fish', 'service']","['freshest', 'superb']","['POS', 'POS']"
"Not only can the selection be innovative , but there 's a nice balance of traditional sushi as well .","['selection', 'sushi', 'sushi']","['innovative', 'nice', 'traditional']","['POS', 'POS', 'POS']"
The nicest waiters in town .,['waiters'],['nicest'],['POS']
– This place is unbelievably over-rated .,['place'],['over-rated'],['NEG']
"If I want to stand in line on Sunday for an hour to get average brunch food , then I would put Murphy 's at the top of the list .",['brunch food'],['average'],['NEU']
The regular menu here is slightly above average that is not worth the snotty attitude that you receive .,"['regular menu', 'regular menu']","['above average', 'not worth the snotty attitude']","['NEU', 'NEU']"
"Your a sushi fan , you love expertly cut fish , great sake , a killer SOHO location , and of course : Salmon , Tuna , Fluke , Yellow Tail , Cod , Mackeral , Jellyfish , Sea Urchin , Shrimp , Lobster , Sea Bream , Trout , Milk Fish , Blue Fin Tuna , Eel , Crab , Sardine , Monk Fish , Roe , Scallop , Oysters , and a varity of Toro .","['fish', 'sake', 'SOHO location']","['love expertly cut', 'great', 'killer']","['POS', 'POS', 'POS']"
Bring your cell phone cause you may have to wait to get into the best sushi restaurant in the world : BLUE RIBBON SUSHI .,['BLUE RIBBON SUSHI'],['best'],['POS']
"Hands down , the best tuna I have ever had .",['tuna'],['best'],['POS']
Blue Ribbon lives up to it 's fantastic reputation .,['Blue Ribbon'],['fantastic'],['POS']
Great value sushi with high quality & nice setting .,"['sushi', 'sushi', 'sushi', 'setting']","['Great value', 'high quality', 'nice setting', 'nice']","['POS', 'POS', 'POS', 'POS']"
Try the Chef 's Choice for sushi as the smoked yellowtail was incredible and the rolls were also tasty .,"['rolls', 'smoked yellowtail']","['tasty', 'incredible']","['POS', 'POS']"
Poor customer service / poor pizza .,"['customer service', 'pizza']","['Poor', 'Poor']","['NEG', 'NEG']"
"– As with most restaurants in Seattle , Mioposto 's service was bad and the food was overpriced .","['service', 'food']","['bad', 'overpriced']","['NEG', 'NEG']"
"I know many people have their favorite types of pizza and pizza places , but Mioposto 's pizza lacks quality and good taste .",['pizza'],['lacks quality and good taste'],['NEG']
"To be honest , I 've had better frozen pizza .",['pizza'],['better'],['NEG']
The only positive thing about Mioposto is the nice location .,['location'],['nice'],['POS']
"I was frankly shocked when I read the bad reviews - this place is fantastic ; it has not let us down in any way , and we 've eaten here more than 10 times .",['place'],['fantastic'],['POS']
"The food is fantastic , and the waiting staff has been perfect every single time we 've been there .","['food', 'waiting staff']","['fantastic', 'perfect']","['POS', 'POS']"
Seabass on lobster risotto was the best .,['Seabass on lobster risotto'],['best'],['POS']
Caesar salad was superb .,['Caesar salad'],['superb'],['POS']
Great bottle of wine .,['bottle of wine'],['Great'],['POS']
"The food was ok , but the service was so poor that the food was cold buy the time everyone in my party was served .","['food', 'service']","['ok', 'poor']","['NEU', 'NEG']"
AVOID THE PLACE,['PLACE'],['AVOID'],['NEG']
When I got there I sat up stairs where the atmosphere was cozy & the service was horrible !,"['atmosphere', 'service']","['cozy', 'horrible']","['POS', 'NEG']"
We left without ever getting service .,['service'],['without ever'],['NEG']
Best Crab Cakes in Town,['Crab Cakes'],['Best'],['POS']
"Great seasonal fish and seafood , with a classy waterfront setting .","['seasonal fish', 'seafood', 'waterfront setting']","['Great', 'Great', 'classy']","['POS', 'POS', 'POS']"
"Great Pizza , Poor Service","['Pizza', 'Service']","['Great', 'Poor']","['POS', 'NEG']"
"– Love their pizza , especially the mushroom pizza .","['pizza', 'mushroom pizza']","['Love', 'Love']","['POS', 'POS']"
Also love their caeser salad .,['caeser salad'],['love'],['POS']
"Prefer to order it and pick it up though because I do n't like the servers , one young woman in particular .","['servers', 'young woman']","[""do n't like"", ""do n't like""]","['NEG', 'NEG']"
"Many people talk about the great pizza and poor service , so it ca n't just be the rantings of a few dissatisfied customers .","['pizza', 'service']","['great', 'poor']","['POS', 'NEG']"
It 's a great little place with tons of potential to be a neighborhood joint if the service were n't so impersonal and corporate-like .,['place'],['great little'],['POS']
Great Breakfast,['Breakfast'],['Great'],['POS']
The food is great and they make a mean bloody mary .,"['food', 'bloody mary']","['great', 'mean']","['POS', 'POS']"
I love breakfast here .,['breakfast'],['love'],['POS']
Their crab eggs benedict is addicting .,['crab eggs benedict'],['addicting'],['POS']
"All their menu items are a hit , and they serve mimosas .",['menu items'],['hit'],['POS']
best chinese food i have tasted in a long time,['chinese food'],['best'],['POS']
the ambiance of the restaurant was nice and good for fine dinning .,"['ambiance', 'ambiance']","['nice', 'good']","['POS', 'POS']"
the staff was very nice and courteous and obviously chinese .,"['staff', 'staff', 'staff']","['nice', 'courteous', 'chinese']","['POS', 'POS', 'POS']"
"so about the prawns , they were fresh and had a slight crispiness about the batter ... soooo good ... the walnuts were cut in smaller pieces and very crunchy and tasty .","['prawns', 'batter', 'walnuts', 'walnuts']","['fresh', 'crispiness', 'crunchy', 'tasty']","['POS', 'POS', 'POS', 'POS']"
best honey walnyt prawns that we have every tasted .,['honey walnyt prawns'],['best'],['POS']
the brocollis were so fresh and tasty .,"['brocollis', 'brocollis']","['fresh', 'tasty']","['POS', 'POS']"
"i would normally not finish the brocolli when i order these kinds of food but for the first time , every piece was as eventful as the first one ... the scallops and prawns was so fresh and nicely cooked .","['scallops', 'scallops', 'prawns', 'prawns']","['fresh', 'nicely cooked', 'fresh', 'nicely cooked']","['POS', 'POS', 'POS', 'POS']"
Chintzy portions,['portions'],['Chintzy'],['NEG']
"– The sushi here is perfectly good , but for $ 5 a piece , either the slices of fish should be larger , or there should be no pretense that this is a moderately priced restaurant ( even for NYC ) .","['sushi', 'restaurant']","['good', 'moderately priced']","['NEG', 'NEG']"
"Terrible service , food ok , pricey","['service', 'food']","['Terrible', 'ok']","['NEG', 'NEU']"
"Food wise , its ok but a bit pricey for what you get considering the restaurant is n't a fancy place .","['Food', 'Food', 'restaurant']","['ok', 'pricey', ""is n't a fancy""]","['NEU', 'NEU', 'NEU']"
Another plus is the open feel of the restaurant with glass walls on all sides .,"['feel', 'feel']","['plus', 'open']","['POS', 'POS']"
Amazing Spanish Mackeral special appetizer and perfect box sushi ( that eel with avodcao -- um um um ) .,"['Spanish Mackeral special appetizer', 'box sushi']","['Amazing', 'perfect']","['POS', 'POS']"
"As usual the omikase did n't disappoint in freshness , although it scored low on creativity and selection .","['omikase', 'omikase']","[""did n't disappoint"", 'scored low on creativity and selection']","['NEG', 'NEG']"
"Their specialty rolls are impressive , though I ca n't remember what we had .",['specialty rolls'],['impressive'],['POS']
Great selection of sakes .,['selection of sakes'],['Great'],['POS']
It is n't the cheapest sushi but has been worth it every time .,"['sushi', 'sushi']","[""is n't the cheapest"", 'worth']","['POS', 'POS']"
Very poor customer service .,['customer service'],['poor'],['NEG']
"– Schooner or Later 's charming location along the marina in Long Beach and average food does not , unfortunately , compensate for its very poor customer service .",['customer service'],['poor'],['NEG']
"While this diner had reasonably good food , the restaurant staff seemed completely indifferent to our presence , and this attitude was reflected in the lack of service .","['food', 'restaurant staff']","['good', 'indifferent']","['POS', 'NEG']"
"the fish was fresh , though it was cut very thin .","['fish', 'fish']","['fresh', 'thin']","['NEG', 'NEG']"
great service .,['service'],['great'],['POS']
good sake selection .,['sake selection'],['good'],['POS']
– Ray 's is THE place to go for high quality seafood dinners .,['seafood dinners'],['high quality'],['POS']
I love Dungeness crabs and at Ray 's you can get them served in about 6 different ways !,['Dungeness crabs'],['love'],['POS']
We shared the family platter and I especially enjoyed the black cod in sake kasu .,['black cod in sake kasu'],['enjoyed'],['POS']
I ended the meal with the unusual dessert of a port and chocolate tasting ... yummy !,['dessert of a port and chocolate tasting'],['yummy'],['POS']
And the service was simply spendid - quite a delight .,"['service', 'service']","['spendid', 'delight']","['POS', 'POS']"
Great Breakfast,['Breakfast'],['Great'],['POS']
"– Great drinks , corn beef hash , coffee , B Fast burritos , Gluten Free menu .","['drinks', 'corn beef hash', 'coffee', 'B Fast burritos', 'menu']","['Great', 'Great', 'Great', 'Great', 'Great']","['POS', 'POS', 'POS', 'POS', 'POS']"
The service is fantastic at this fun place .,"['service', 'place']","['fantastic', 'fun']","['POS', 'POS']"
Best Neighborhood Standby .,['Standby'],['Best'],['POS']
In Grammercy/Union Square/East Village this is my neighbors and my favorite spot .,['spot'],['favorite'],['POS']
"The music is great , no night better or worse , the bar tenders are generous with the pouring , and the lighthearted atmosphere will lifts you spirits .","['music', 'bar tenders', 'atmosphere']","['great', 'generous', 'lighthearted']","['POS', 'POS', 'POS']"
"Oh , and the cheese fries are awesome !",['cheese fries'],['awesome'],['POS']
"Good Food , Great Service , Average Prices ( For the Strip )","['Food', 'Service']","['Good', 'Great']","['POS', 'POS']"
"When I walked in , I was taken aback by their incredible wood decor .",['wood decor'],['incredible'],['POS']
"The music playing was very hip , 20-30 something pop music , but the subwoofer to the sound system was located under my seat , which became annoying midway through dinner .",['subwoofer to the sound system'],['annoying'],['NEG']
I got the shellfish and shrimp appetizer and it was alright .,['shellfish and shrimp appetizer'],['alright'],['NEU']
"It was n't the freshest seafood ever , but the taste and presentation was OK .","['seafood', 'seafood']","[""was n't the freshest"", 'OK']","['NEU', 'NEU']"
"I picked the asparagus , which turned out to be incredible and perfectly prepared .","['asparagus', 'asparagus']","['incredible', 'perfectly prepared']","['POS', 'POS']"
The steak was done to my exact liking ( medium rare ) and was nice and juicy .,"['steak', 'steak']","['nice', 'juicy']","['POS', 'POS']"
"It ? s served with either a peppercorn sauce or red wine reduction , though both were indistinguishable in taste .","['peppercorn sauce', 'red wine reduction']","['indistinguishable', 'indistinguishable']","['NEU', 'NEU']"
The desert was the perfect ending to an almost perfect dinner .,"['desert', 'dinner']","['perfect', 'perfect']","['POS', 'POS']"
But the servers were extremely attentive and very friendly .,"['servers', 'servers']","['attentive', 'friendly']","['POS', 'POS']"
"good sake , good food – i honestly do n't know much about japanese food at all .","['sake', 'food']","['good', 'good']","['POS', 'POS']"
Server made several sake suggestions which were very good .,['sake'],['good'],['POS']
had many dishes but the BEST was the lobster 3 ways .,['lobster 3 ways'],['BEST'],['POS']
The waiter was a bit unfriendly and the feel of the restaurant was crowded .,"['waiter', 'feel']","['unfriendly', 'crowded']","['NEG', 'NEG']"
"Most importantly , we were so excited about the food after seeing the very creative menu .",['menu'],['creative'],['POS']
"At best , the food was good and definately overpriced .","['food', 'food']","['good', 'overpriced']","['NEG', 'NEG']"
My favortie pizza joint in Seattle,['pizza joint'],['favortie'],['POS']
The pizza is delicious and the salads are fantastic .,"['pizza', 'salads']","['delicious', 'fantastic']","['POS', 'POS']"
"I 've always found the wait staff and , if you sit at the bar , the cooks very friendly .",['cooks'],['friendly'],['POS']
I also really enjoy the simplicity of the decor and intimate feeling of a small restaurant .,"['decor', 'decor', 'feeling']","['enjoy', 'simplicity', 'intimate']","['POS', 'POS', 'POS']"
– My husband and I love eating at Mioposto Café .,['Mioposto Café'],['love'],['POS']
You won ’ t be disappointed by their menu .,['menu'],['won ’ t be disappointed'],['POS']
The pizza ’ s are thin crust and the menu offers very creative combinations and toppings .,['menu'],['creative'],['POS']
Try the Pizza Ensalata !,['Pizza Ensalata'],['Try'],['POS']
The pizza ’ s are not huge and the crust is thin ... keep that in mind when you ’ re ordering .,['crust'],['thin'],['NEU']
The food is sinful .,['food'],['sinful'],['POS']
The staff was really friendly .,['staff'],['friendly'],['POS']
The atmosphere was great .,['atmosphere'],['great'],['POS']
"The specialty here is decadent pancakes , but I 've been back now four times , and I 've been wowed every time .",['pancakes'],['decadent'],['POS']
Nothing on the menu is less than amazing .,['menu'],['amazing'],['POS']
Good eats .,['eats'],['Good'],['POS']
"I have been to this place , folks and it is BAD .",['place'],['BAD'],['NEG']
Maybe it is good for that one night once in a blue moon when the chefs decide to use fish that 's half-way decent .,['fish'],['decent'],['NEG']
"I have been here , spent tons of money on a chef special dinner and it was a major dissappointment .",['chef special dinner'],['dissappointment'],['NEG']
– The atmosphere is great for any special occasion you might want to celebrate .,['atmosphere'],['great'],['POS']
The best dish are the honwy walnut prawns -- just outstanding .,"['honwy walnut prawns', 'honwy walnut prawns']","['best', 'outstanding']","['POS', 'POS']"
The service is really attentive and charming .,"['service', 'service']","['attentive', 'charming']","['POS', 'POS']"
"The service was excellent , the coffee was good even by starbucks standards and the food was outstanding .","['service', 'coffee', 'food']","['excellent', 'good', 'outstanding']","['POS', 'POS', 'POS']"
– I recently had the pleasure of dining as this delightful restaurant on 2nd street and wow what a great evening we had .,['restaurant'],['delightful'],['POS']
"The food is fantastic , authentic , delicious and very , very affordable .","['food', 'food', 'food', 'food']","['fantastic', 'authentic', 'delicious', 'affordable']","['POS', 'POS', 'POS', 'POS']"
The decor was beautiful and unique .,"['decor', 'decor']","['beautiful', 'unique']","['POS', 'POS']"
"There was a really nice vibe about the place ... good music , atmosphere and happy looking people .","['music', 'atmosphere', 'vibe', 'people']","['good', 'good', 'nice', 'happy']","['POS', 'POS', 'POS', 'POS']"
Our server was very professional and friendly .,"['server', 'server']","['professional', 'friendly']","['POS', 'POS']"
It 's a tiny place so if you get there before 8pm on a weekend ( Thurs ? Sun ) you will find it easier to get a table or a seat at the sushi bar .,['place'],['tiny'],['NEU']
"Everything , and I mean everything on the menu is delectable .",['menu'],['delectable'],['POS']
The waiters are very experienced and helpful with pairing your drink choice to your food tastes or vice versa .,"['waiters', 'waiters']","['experienced', 'helpful']","['POS', 'POS']"
"The sushi is as fresh as it comes ? you 'd think ocean was in their backyard , no joke !",['sushi'],['fresh'],['POS']
"If you 're interested in good tasting ( without the fish taste or smell ) , large portions and creative sushi dishes this is your place ...","['portions', 'sushi dishes']","['large', 'creative']","['POS', 'POS']"
big thick pepperoni,['pepperoni'],['big thick'],['POS']
– The pepperoni 's cut real thick -- Yum .,"[""pepperoni 's"", ""pepperoni 's""]","['thick', 'Yum']","['POS', 'POS']"
"The pizza itself is not exactly the best I 've had EVER , but still pretty good .","['pizza', 'pizza']","['not exactly the best', 'good']","['POS', 'POS']"
Food was good and appetizing .,"['Food', 'Food']","['good', 'appetizing']","['POS', 'POS']"
"Portions was just enough for me , but may not be for a big eater .",['Portions'],['enough'],['NEU']
Fair menu selection .,['menu selection'],['Fair'],['NEU']
"The appetizer was interesting , but the Creme Brulee was very savory and delicious .","['appetizer', 'Creme Brulee', 'Creme Brulee']","['interesting', 'savory', 'delicious']","['POS', 'POS', 'POS']"
Indoor ambience was modern .,['Indoor ambience'],['modern'],['POS']
It 's a great place to people watch .,['place'],['great'],['POS']
Late night dinning with exeptional food .,['food'],['exeptional'],['POS']
"We were seated right away , the table was private and nice .","['table', 'table']","['private', 'nice']","['POS', 'POS']"
The service was exceptional - sometime there was a feeling that we were served by the army of friendly waiters .,"['service', 'waiters']","['exceptional', 'friendly']","['POS', 'POS']"
"The food was very good , filet mignon was probably the best I 've ever try .","['food', 'filet mignon']","['good', 'best']","['POS', 'POS']"
"The portions are big though , so do not order too much .",['portions'],['big'],['NEU']
Groovy music made the dinner casual .,['music'],['casual'],['POS']
I have a but here - there was a bathroom attendant in the restroom which was odd .,['restroom'],['odd'],['NEG']
"The bathroom itself is very small with two toilets and only one sink , the girl was staying totally on the way hanging out paper towels from the dispenser .",['bathroom'],['small'],['NEG']
"– Mercedes restaurant is so tasty , the service is undeniably awesome !",['service'],['awesome'],['POS']
"The atmosphere is aspiring , and the decor is festive and amazing ...","['atmosphere', 'decor', 'decor']","['aspiring', 'festive', 'amazing']","['POS', 'POS', 'POS']"
"The catering is out of this world , and Raouls chicken vegetable soup rocks my world ! ! !","['Raouls chicken vegetable soup', 'catering']","['rocks my world', 'out of this world']","['POS', 'POS']"
"Drinks are suberb , and I feel like I am in a Third World country when I walk in the door .",['Drinks'],['suberb'],['POS']
- Mediocre Service / Quality,['Service'],['Mediocre'],['NEU']
The presentation of Snooze is excellent and it is one of those places that you feel more sophisticated just for being there ; but peel back the layers and you have an overpriced IHOP with a high brow menu .,"['Snooze', 'menu']","['excellent', 'high brow']","['NEG', 'NEG']"
"They serve it in a tall , skinny hour-glass shaped glass to disguise the fact that you a getting a small juice at the price of a half gallon in a supermarket .",['juice'],['small'],['NEG']
I should have just asked for the check when I saw that ; but their menu was so unique that I continued .,['menu'],['unique'],['POS']
The pancakes were certainly inventive but $ 8.50 for 3 - 6 '' pancakes ( one of them was more like 5 '' ) in the pancake flight ( sample of 3 different pancakes ) is well over-priced .,"['pancakes', 'pancakes']","['inventive', 'over-priced']","['NEG', 'NEG']"
The pancakes should be larger ( at least 8 '' ) to justify the expense even with the unique offerings .,['pancakes'],['should be larger'],['NEG']
"In the end our check came to $ 27 for 4 small pancakes , a breakfast burrito , an orange juice and an iced tea ( I had water ) .",['pancakes'],['small'],['NEG']
Much more than just a great view !,['view'],['great'],['POS']
– I am exceedingly pleased to report that my dinner at Ray 's Boathouse last Friday completely exceeded my expectations .,"[""Ray 's Boathouse""]",['exceeded my expectations'],['POS']
"Ray 's is something of a Seattle institution , but given its gorgeous Sound views , I had suspected that the accolades were more due to the scenery than to the food and service .",['Sound views'],['gorgeous'],['POS']
Imagine my happy surprise upon finding that the views are only the third-best thing about Ray 's !,"[""Ray 's""]",['happy surprise'],['POS']
"To start things off , our lovely server Brooke was quickly on hand to take my drink order .","['Brooke', 'Brooke']","['lovely', 'quickly']","['POS', 'POS']"
"My party of two was feeling particularly ambitious , and we splurged on the Shilshole Sampler ... a beautiful assortment of enormous white gulf prawns , smoked albacore tuna , Ray 's fantastic manila clams seasoned with dill , scallops in a tasty soy dressing , and a tiny pile of Dungeness crab atop a sublime butter sauce .","['white gulf prawns', 'manila clams', 'soy dressing', 'butter sauce']","['enormous', 'fantastic', 'tasty', 'sublime']","['POS', 'POS', 'POS', 'POS']"
"For my entr & eacute ; e , I completely enjoyed the seared Alaskan sea scallops complemented by chard , artichoke hearts , fennel , and pecorino toscano .",['seared Alaskan sea scallops'],['enjoyed'],['POS']
The scallops are apparently cooked in a black olive butter which really makes them unique ( not to mention tasty ) .,"['scallops', 'scallops']","['unique', 'tasty']","['POS', 'POS']"
My friend enjoyed the grilled Alaskan King Salmon with delectable creamed Washington russet potatoes and crisp green beans .,"['grilled Alaskan King Salmon', 'creamed Washington russet potatoes', 'green beans']","['enjoyed', 'delectable', 'crisp']","['POS', 'POS', 'POS']"
"I had a taste of all three items on her plate , and they were superb .",['plate'],['superb'],['POS']
"Our server continued to be attentive throughout the night , but I did remain puzzled by one issue : Who thinks that Ray 's is an appropriate place to take young children for dinner ?","['server', ""Ray 's""]","['attentive', 'appropriate']","['POS', 'NEU']"
"While I could have done without the youth who shared the evening with us , our wonderful server and food made the experience a very positive one .","['server', 'food']","['wonderful', 'wonderful']","['POS', 'POS']"
"Oh yeah ... the view was good , too .",['view'],['good'],['POS']
